Time_Interval,Time_Period,Start_Time_Label,End_Time_Label,Time_Label,MCS_1_Charging_kW,MCS_1_Discharging_kW,MCS_1_Traveling_kW,MCS_1_NetPower_kW,MCS_1_SOE_Start_kWh,MCS_1_SOE_End_kWh,MCS_1_sum_x,MCS_1_sum_y_trv,MCS_1_sum_z,CEV_1_Charging_kW,CEV_1_Working_kW,CEV_1_NetPower_kW,CEV_1_SOE_Start_kWh,CEV_1_SOE_End_kWh
1,1,08:00,08:15,08:15,0.0,0.0,0,0.0,250.0,250.0,1.0,1.0,0.0,0.0,4.7700000000000005,-4.7700000000000005,14.8,13.6075
2,2,08:15,08:30,08:30,0.0,0.0,0,0.0,250.0,250.0,0.0,0.0,1.0,0.0,4.769999999999962,-4.769999999999962,13.6075,12.415000000000012
3,3,08:30,08:45,08:45,0.0,0.0,0,0.0,250.0,250.0,0.0,0.0,1.0,0.0,4.77,-4.77,12.415000000000012,11.22250000000001
4,4,08:45,09:00,09:00,-0.0,0.0,0,-0.0,250.0,250.0,0.0,0.0,1.0,-0.0,4.770000000000038,-4.770000000000038,11.22250000000001,10.030000000000001
5,5,09:00,09:15,09:15,-0.0,3.663157894736854,0,-3.663157894736854,250.0,249.0360110803324,0.0,0.0,1.0,3.663157894736854,0.0,3.663157894736854,10.030000000000001,10.900000000000004
6,6,09:15,09:30,09:30,-0.0,0.0,0,-0.0,249.0360110803324,249.0360110803324,0.0,0.0,1.0,0.0,4.72,-4.72,10.900000000000004,9.720000000000004
7,7,09:30,09:45,09:45,-0.0,0.0,0,-0.0,249.0360110803324,249.0360110803324,0.0,0.0,1.0,0.0,4.77,-4.77,9.720000000000004,8.527500000000003
8,8,09:45,10:00,10:00,-0.0,0.0,0,-0.0,249.0360110803324,249.0360110803324,0.0,0.0,1.0,0.0,4.77,-4.77,8.527500000000003,7.3350000000000035
9,9,10:00,10:15,10:15,-0.0,0.0,0,-0.0,249.0360110803324,249.0360110803324,0.0,0.0,1.0,0.0,4.7700000000000005,-4.7700000000000005,7.3350000000000035,6.142500000000004
10,10,10:15,10:30,10:30,-0.0,8.0,0,-8.0,249.0360110803324,246.93074792243766,0.0,0.0,1.0,8.0,0.0,8.0,6.142500000000004,8.042500000000004
11,11,10:30,10:45,10:45,-0.0,0.0,0,-0.0,246.93074792243766,246.93074792243766,0.0,0.0,1.0,-0.0,4.77,-4.77,8.042500000000004,6.850000000000004
12,12,10:45,11:00,11:00,-0.0,0.0,0,-0.0,246.93074792243766,246.93074792243766,0.0,0.0,1.0,0.0,4.72,-4.72,6.850000000000004,5.670000000000004
13,13,11:00,11:15,11:15,-0.0,0.0,0,-0.0,246.93074792243766,246.93074792243766,0.0,0.0,1.0,0.0,4.77,-4.77,5.670000000000004,4.4775000000000045
14,14,11:15,11:30,11:30,-0.0,0.0,0,-0.0,246.93074792243766,246.93074792243766,0.0,0.0,1.0,0.0,4.77,-4.77,4.4775000000000045,3.2850000000000046
15,15,11:30,11:45,11:45,-0.0,8.0,0,-8.0,246.93074792243766,244.82548476454292,0.0,0.0,1.0,8.0,0.0,8.0,3.2850000000000046,5.185000000000004
16,16,11:45,12:00,12:00,-0.0,8.0,0,-8.0,244.82548476454292,242.72022160664818,0.0,0.0,1.0,8.0,0.0,8.0,5.185000000000004,7.085000000000004
17,17,12:00,12:15,12:15,-0.0,8.0,0,-8.0,242.72022160664818,240.61495844875344,0.0,0.0,1.0,8.0,0.0,8.0,7.085000000000004,8.985000000000005
18,18,12:15,12:30,12:30,-0.0,8.0,0,-8.0,240.61495844875344,238.5096952908587,0.0,0.0,1.0,8.0,0.0,8.0,8.985000000000005,10.885000000000005
19,19,12:30,12:45,12:45,-0.0,0.0,0,-0.0,238.5096952908587,238.5096952908587,1.0,1.0,0.0,-0.0,0.0,-0.0,10.885000000000005,10.885000000000005
20,20,12:45,13:00,13:00,1.9480104255389894,0.0,0,1.9480104255389894,238.5096952908587,238.9723477669242,0.0,0.0,1.0,-0.0,0.0,-0.0,10.885000000000005,10.885000000000005
21,21,13:00,13:15,13:15,1.9480104255389894,0.0,0,1.9480104255389894,238.9723477669242,239.4350002429897,0.0,0.0,1.0,-0.0,0.0,-0.0,10.885000000000005,10.885000000000005
22,22,13:15,13:30,13:30,1.9480104255389894,0.0,0,1.9480104255389894,239.4350002429897,239.8976527190552,0.0,0.0,1.0,-0.0,0.0,-0.0,10.885000000000005,10.885000000000009
23,23,13:30,13:45,13:45,1.9480104255389894,0.0,0,1.9480104255389894,239.8976527190552,240.3603051951207,0.0,0.0,1.0,-0.0,0.0,-0.0,10.885000000000009,10.885000000000009
24,24,13:45,14:00,14:00,1.9480104255389894,0.0,0,1.9480104255389894,240.3603051951207,240.8229576711862,0.0,0.0,1.0,-0.0,0.0,-0.0,10.885000000000009,10.885000000000009
25,25,14:00,14:15,14:15,1.9480104255389894,0.0,0,1.9480104255389894,240.8229576711862,241.2856101472517,0.0,0.0,1.0,-0.0,4.77,-4.77,10.885000000000009,9.69250000000001
26,26,14:15,14:30,14:30,1.9480104255389894,0.0,0,1.9480104255389894,241.2856101472517,241.7482626233172,0.0,0.0,1.0,0.0,4.77,-4.77,9.69250000000001,8.50000000000001
27,27,14:30,14:45,14:45,1.9480104255389894,0.0,0,1.9480104255389894,241.7482626233172,242.2109150993827,0.0,0.0,1.0,-0.0,4.72,-4.72,8.50000000000001,7.320000000000009
28,28,14:45,15:00,15:00,1.9480104255389894,0.0,0,1.9480104255389894,242.2109150993827,242.6735675754482,0.0,0.0,1.0,-0.0,3.180000000000027,-3.180000000000027,7.320000000000009,6.525000000000002
29,29,15:00,15:15,15:15,1.9480104255389894,0.0,0,1.9480104255389894,242.6735675754482,243.1362200515137,0.0,0.0,1.0,-0.0,-3.940670012525516e-14,3.940670012525516e-14,6.525000000000002,6.525000000000012
30,30,15:15,15:30,15:30,1.9480104255389894,0.0,0,1.9480104255389894,243.1362200515137,243.59887252757932,0.0,0.0,1.0,-0.0,3.1800000000000144,-3.1800000000000144,6.525000000000012,5.7300000000000075
31,31,15:30,15:45,15:45,1.9480104255389894,0.0,0,1.9480104255389894,243.59887252757932,244.06152500364482,-1.5543122344752192e-15,-1.5543122344752192e-15,1.0000000000000016,-0.0,3.18,-3.18,5.7300000000000075,4.935000000000008
32,32,15:45,16:00,16:00,1.9480104255389894,0.0,0,1.9480104255389894,244.06152500364482,244.52417747971032,0.0,0.0,1.0,-0.0,3.18,-3.18,4.935000000000008,4.140000000000008
33,33,16:00,16:15,16:15,-0.0,-6.217248937900877e-14,0,6.217248937900877e-14,244.52417747971032,244.52417747971035,1.0000000000000084,1.0000000000000084,-8.43769498715119e-15,-6.217248937900877e-14,4.720000000000025,-4.720000000000087,4.140000000000008,2.9599999999999858
34,34,16:15,16:30,16:30,-0.0,8.000000000000055,0,-8.000000000000055,244.52417747971035,242.4189143218156,0.0,0.0,1.0,8.000000000000055,-2.1606716416044948e-14,8.000000000000076,2.9599999999999858,4.860000000000004
35,35,16:30,16:45,16:45,-0.0,0.0,0,-0.0,242.4189143218156,242.4189143218156,0.0,0.0,1.0,0.0,3.18,-3.18,4.860000000000004,4.065000000000004
36,36,16:45,17:00,17:00,-0.0,0.0,0,-0.0,242.4189143218156,242.4189143218156,-6.8833827526759706e-15,-6.8833827526759706e-15,1.0000000000000069,-0.0,3.18,-3.18,4.065000000000004,3.2700000000000036
37,37,17:00,17:15,17:15,-0.0,8.0,0,-8.0,242.4189143218156,240.31365116392087,0.0,0.0,1.0,8.0,0.0,8.0,3.2700000000000036,5.1700000000000035
38,38,17:15,17:30,17:30,-0.0,8.0,0,-8.0,240.31365116392087,238.20838800602613,0.0,0.0,1.0,8.0,0.0,8.0,5.1700000000000035,7.070000000000004
39,39,17:30,17:45,17:45,-0.0,8.0,0,-8.0,238.20838800602613,236.1031248481314,0.0,0.0,1.0,8.0,0.0,8.0,7.070000000000004,8.970000000000004
40,40,17:45,18:00,18:00,-0.0,8.0,0,-8.0,236.1031248481314,233.99786169023665,0.0,0.0,1.0,8.0,0.0,8.0,8.970000000000004,10.870000000000003
41,41,18:00,18:15,18:15,-0.0,8.0,0,-8.0,233.99786169023665,231.8925985323419,0.0,0.0,1.0,8.0,0.0,8.0,10.870000000000003,12.770000000000003
42,42,18:15,18:30,18:30,-0.0,7.9999999999999964,0,-7.9999999999999964,231.8925985323419,229.78733537444717,0.0,0.0,1.0,7.9999999999999964,0.0,7.9999999999999964,12.770000000000003,14.670000000000002
43,43,18:30,18:45,18:45,-0.0,0.5473684210526176,0,-0.5473684210526176,229.78733537444717,229.64329105311754,0.0,0.0,1.0,0.5473684210526176,0.0,0.5473684210526176,14.670000000000002,14.799999999999999
44,44,18:45,19:00,19:00,-0.0,0.0,0,-0.0,229.64329105311754,229.64329105311754,1.0,1.0,0.0,0.0,0.0,0.0,14.799999999999999,14.799999999999999
45,45,19:00,19:15,19:15,-0.0,0.0,0,-0.0,229.64329105311754,229.64329105311754,0.0,0.0,1.0,0.0,0.0,0.0,14.799999999999999,14.8
46,46,19:15,19:30,19:30,-0.0,0.0,0,-0.0,229.64329105311754,229.64329105311754,0.0,0.0,1.0,0.0,0.0,0.0,14.8,14.8
47,47,19:30,19:45,19:45,-0.0,0.0,0,-0.0,229.64329105311754,229.64329105311754,0.0,0.0,1.0,0.0,0.0,0.0,14.8,14.8
48,48,19:45,20:00,20:00,-0.0,0.0,0,-0.0,229.64329105311754,229.64329105311754,0.0,0.0,1.0,0.0,0.0,0.0,14.8,14.8
49,49,20:00,20:15,20:15,-0.0,0.0,0,-0.0,229.64329105311754,229.64329105311754,0.0,0.0,1.0,0.0,0.0,0.0,14.8,14.8
50,50,20:15,20:30,20:30,-0.0,0.0,0,-0.0,229.64329105311754,229.64329105311754,0.0,0.0,1.0,0.0,0.0,0.0,14.8,14.8
51,51,20:30,20:45,20:45,-0.0,0.0,0,-0.0,229.64329105311754,229.64329105311754,0.0,0.0,1.0,0.0,0.0,0.0,14.8,14.8
52,52,20:45,21:00,21:00,-0.0,0.0,0,-0.0,229.64329105311754,229.64329105311754,0.0,0.0,1.0,0.0,0.0,0.0,14.8,14.8
53,53,21:00,21:15,21:15,1.9480104255389894,0.0,0,1.9480104255389894,229.64329105311754,230.10594352918304,0.0,0.0,1.0,0.0,0.0,0.0,14.8,14.8
54,54,21:15,21:30,21:30,1.9480104255389894,0.0,0,1.9480104255389894,230.10594352918304,230.56859600524854,0.0,0.0,1.0,0.0,0.0,0.0,14.8,14.8
55,55,21:30,21:45,21:45,1.9480104255389894,0.0,0,1.9480104255389894,230.56859600524854,231.03124848131404,0.0,0.0,1.0,0.0,0.0,0.0,14.8,14.8
56,56,21:45,22:00,22:00,1.9480104255389894,0.0,0,1.9480104255389894,231.03124848131404,231.49390095737954,0.0,0.0,1.0,0.0,0.0,0.0,14.8,14.8
57,57,22:00,22:15,22:15,1.9480104255389894,0.0,0,1.9480104255389894,231.49390095737954,231.95655343344504,0.0,0.0,1.0,0.0,0.0,0.0,14.8,14.8
58,58,22:15,22:30,22:30,1.9480104255389894,0.0,0,1.9480104255389894,231.95655343344504,232.41920590951054,0.0,0.0,1.0,0.0,0.0,0.0,14.8,14.8
59,59,22:30,22:45,22:45,1.9480104255389894,0.0,0,1.9480104255389894,232.41920590951054,232.88185838557604,0.0,0.0,1.0,0.0,0.0,0.0,14.8,14.8
60,60,22:45,23:00,23:00,1.9480104255389894,0.0,0,1.9480104255389894,232.88185838557604,233.34451086164154,0.0,0.0,1.0,0.0,0.0,0.0,14.8,14.8
61,61,23:00,23:15,23:15,1.9480104255389894,0.0,0,1.9480104255389894,233.34451086164154,233.80716333770704,0.0,0.0,1.0,0.0,0.0,0.0,14.8,14.8
62,62,23:15,23:30,23:30,1.9480104255389894,0.0,0,1.9480104255389894,233.80716333770704,234.26981581377254,0.0,0.0,1.0,0.0,0.0,0.0,14.8,14.8
63,63,23:30,23:45,23:45,1.9480104255389894,0.0,0,1.9480104255389894,234.26981581377254,234.73246828983804,0.0,0.0,1.0,0.0,0.0,0.0,14.8,14.8
64,64,23:45,00:00,00:00,1.9480104255389894,0.0,0,1.9480104255389894,234.73246828983804,235.19512076590354,0.0,0.0,1.0,0.0,0.0,0.0,14.8,14.8
65,65,00:00,00:15,00:15,1.9480104255389894,0.0,0,1.9480104255389894,235.19512076590354,235.65777324196904,0.0,0.0,1.0,0.0,0.0,0.0,14.8,14.8
66,66,00:15,00:30,00:30,1.9480104255389894,0.0,0,1.9480104255389894,235.65777324196904,236.12042571803454,0.0,0.0,1.0,0.0,0.0,0.0,14.8,14.8
67,67,00:30,00:45,00:45,1.9480104255389894,0.0,0,1.9480104255389894,236.12042571803454,236.58307819410004,0.0,0.0,1.0,0.0,0.0,0.0,14.8,14.8
68,68,00:45,01:00,01:00,1.9480104255389894,0.0,0,1.9480104255389894,236.58307819410004,237.04573067016554,0.0,0.0,1.0,0.0,0.0,0.0,14.8,14.8
69,69,01:00,01:15,01:15,1.9480104255389894,0.0,0,1.9480104255389894,237.04573067016554,237.50838314623104,0.0,0.0,1.0,0.0,0.0,0.0,14.8,14.8
70,70,01:15,01:30,01:30,1.9480104255389894,0.0,0,1.9480104255389894,237.50838314623104,237.97103562229654,0.0,0.0,1.0,0.0,0.0,0.0,14.8,14.8
71,71,01:30,01:45,01:45,1.9480104255389894,0.0,0,1.9480104255389894,237.97103562229654,238.43368809836204,0.0,0.0,1.0,0.0,0.0,0.0,14.8,14.8
72,72,01:45,02:00,02:00,1.9480104255389894,0.0,0,1.9480104255389894,238.43368809836204,238.89634057442754,0.0,0.0,1.0,0.0,0.0,0.0,14.8,14.8
73,73,02:00,02:15,02:15,1.9480104255389894,0.0,0,1.9480104255389894,238.89634057442754,239.35899305049304,0.0,0.0,1.0,0.0,0.0,0.0,14.8,14.8
74,74,02:15,02:30,02:30,1.9480104255389894,0.0,0,1.9480104255389894,239.35899305049304,239.82164552655854,0.0,0.0,1.0,0.0,0.0,0.0,14.8,14.8
75,75,02:30,02:45,02:45,1.9480104255389894,0.0,0,1.9480104255389894,239.82164552655854,240.28429800262404,0.0,0.0,1.0,0.0,0.0,0.0,14.8,14.8
76,76,02:45,03:00,03:00,1.9480104255389894,0.0,0,1.9480104255389894,240.28429800262404,240.74695047868954,0.0,0.0,1.0,0.0,0.0,0.0,14.8,14.8
77,77,03:00,03:15,03:15,1.9480104255389894,0.0,0,1.9480104255389894,240.74695047868954,241.20960295475504,0.0,0.0,1.0,0.0,0.0,0.0,14.8,14.8
78,78,03:15,03:30,03:30,1.9480104255389894,0.0,0,1.9480104255389894,241.20960295475504,241.67225543082054,0.0,0.0,1.0,0.0,0.0,0.0,14.8,14.8
79,79,03:30,03:45,03:45,1.9480104255389894,0.0,0,1.9480104255389894,241.67225543082054,242.13490790688604,0.0,0.0,1.0,0.0,0.0,0.0,14.8,14.8
80,80,03:45,04:00,04:00,1.9480104255389894,0.0,0,1.9480104255389894,242.13490790688604,242.59756038295154,0.0,0.0,1.0,0.0,0.0,0.0,14.8,14.8
81,81,04:00,04:15,04:15,1.9480104255389894,0.0,0,1.9480104255389894,242.59756038295154,243.06021285901704,0.0,0.0,1.0,0.0,0.0,0.0,14.8,14.8
82,82,04:15,04:30,04:30,1.9480104255389894,0.0,0,1.9480104255389894,243.06021285901704,243.52286533508254,0.0,0.0,1.0,0.0,0.0,0.0,14.8,14.8
83,83,04:30,04:45,04:45,1.9480104255389894,0.0,0,1.9480104255389894,243.52286533508254,243.98551781114804,0.0,0.0,1.0,0.0,0.0,0.0,14.8,14.8
84,84,04:45,05:00,05:00,1.9480104255389894,0.0,0,1.9480104255389894,243.98551781114804,244.44817028721354,0.0,0.0,1.0,0.0,0.0,0.0,14.8,14.8
85,85,05:00,05:15,05:15,1.9480104255389894,0.0,0,1.9480104255389894,244.44817028721354,244.91082276327904,0.0,0.0,1.0,0.0,0.0,0.0,14.8,14.8
86,86,05:15,05:30,05:30,1.9480104255389894,0.0,0,1.9480104255389894,244.91082276327904,245.37347523934454,0.0,0.0,1.0,0.0,0.0,0.0,14.8,14.8
87,87,05:30,05:45,05:45,1.9480104255389894,0.0,0,1.9480104255389894,245.37347523934454,245.83612771541004,0.0,0.0,1.0,0.0,0.0,0.0,14.8,14.8
88,88,05:45,06:00,06:00,1.9480104255389894,0.0,0,1.9480104255389894,245.83612771541004,246.29878019147554,0.0,0.0,1.0,0.0,0.0,0.0,14.8,14.8
89,89,06:00,06:15,06:15,1.9480104255389894,0.0,0,1.9480104255389894,246.29878019147554,246.76143266754104,0.0,0.0,1.0,0.0,0.0,0.0,14.8,14.8
90,90,06:15,06:30,06:30,1.9480104255389894,0.0,0,1.9480104255389894,246.76143266754104,247.22408514360654,0.0,0.0,1.0,0.0,0.0,0.0,14.8,14.8
91,91,06:30,06:45,06:45,1.9480104255389894,0.0,0,1.9480104255389894,247.22408514360654,247.68673761967204,0.0,0.0,1.0,0.0,0.0,0.0,14.8,14.8
92,92,06:45,07:00,07:00,1.9480104255389894,0.0,0,1.9480104255389894,247.68673761967204,248.14939009573754,0.0,0.0,1.0,0.0,0.0,0.0,14.8,14.8
93,93,07:00,07:15,07:15,1.9480104255389894,0.0,0,1.9480104255389894,248.14939009573754,248.61204257180304,0.0,0.0,1.0,0.0,0.0,0.0,14.8,14.8
94,94,07:15,07:30,07:30,1.9480104255389894,0.0,0,1.9480104255389894,248.61204257180304,249.07469504786897,0.0,0.0,1.0,0.0,0.0,0.0,14.8,14.8
95,95,07:30,07:45,07:45,1.9480104255389894,0.0,0,1.9480104255389894,249.07469504786897,249.53734752393447,0.0,0.0,1.0,0.0,0.0,0.0,14.8,14.8
96,96,07:45,08:00,08:00,1.948010425539068,0.0,0,1.948010425539068,249.53734752393447,250.0,0.0,0.0,1.0,0.0,0.0,0.0,14.8,14.8
