src,nodes,in_queue,leaves,explored_pct,best_bound,best_sol,gap_pct,cuts,in_lp,confl,lp_iters,time_s
,0,0,0,0.0,0.0,Inf,Inf,0,0,0,0,0.6
,0,0,0,0.0,79.71354197,Inf,Inf,0,0,3,985,0.7
L,0,0,0,0.0,120.1555298,3618.500414,96.68,968,125,156,9767,12.2
,0,0,0,0.0,120.1555298,3618.500414,96.68,81,0,0,21501,12.4
,0,0,0,0.0,120.1555298,3618.500414,96.68,81,72,2,22761,12.5
,44,0,1,0.0,120.1676255,3618.500414,96.68,169,79,4,77571,22.4
B,62,0,4,0.0,120.1676255,3292.617239,96.35,182,79,35,77912,23.0
B,67,0,7,0.0,120.1676255,3292.617239,96.35,194,79,153,78096,23.3
T,72,0,10,0.0,120.1676255,2797.082805,95.7,198,79,202,78178,23.6
T,87,2,17,0.0,120.1676255,2797.082805,95.7,208,79,273,78419,23.8
,120,54,24,0.0,122.5410894,2797.082805,95.62,253,97,331,128799,31.3
T,160,53,31,0.0,122.5410894,2792.446051,95.61,262,97,396,131139,32.4
L,172,14,33,0.59,126.3583571,682.7103956,81.49,510,118,407,131622,38.8
,384,41,111,0.67,126.3583571,682.7103956,81.49,843,122,1248,179033,52.1
L,576,73,187,0.87,126.3583571,680.8151014,81.44,1331,94,2596,186273,62.9
,800,125,270,0.96,126.3583571,680.8151014,81.44,2069,131,5317,225468,74.7
,996,163,344,1.09,126.3583571,680.8151014,81.44,2535,149,6794,256708,87.5
,1253,195,450,1.39,129.1898091,680.8151014,81.02,2756,121,8424,271343,92.6
,1389,0,0,0.0,129.1898091,680.8151014,81.02,135,0,0,277332,95.1
,1389,0,0,0.0,129.1898091,680.8151014,81.02,135,60,2,278495,95.2
,1604,23,86,0.42,129.1898091,680.8151014,81.02,1558,127,866,290068,100.3
T,1687,29,115,0.44,129.1898091,680.7173185,81.02,1587,127,1380,291674,101.2
,1932,105,202,0.72,129.1898091,680.7173185,81.02,2010,127,2960,301234,106.2
,2295,190,328,0.74,129.1898091,680.7173185,81.02,2487,115,5096,314883,112.1
,2479,228,396,1.15,129.1898091,680.7173185,81.02,2766,172,6759,330576,117.1
,2796,309,509,1.17,129.1898091,680.7173185,81.02,3047,144,7700,346569,122.1
,2818,326,516,1.17,129.1898091,680.7173185,81.02,2949,112,7728,359400,128.2
T,2835,43,520,4.79,129.1898091,193.7111269,33.31,2953,112,7769,359780,128.3
,3095,81,634,9.43,129.1898091,193.7111269,33.31,3104,170,9124,379226,133.7
,3353,112,743,9.87,129.1898091,193.7111269,33.31,3334,160,9798,396084,138.7
,3531,118,822,10.44,129.1898091,193.7111269,33.31,3386,176,9563,418516,143.7
,3779,140,925,10.75,129.1898091,193.7111269,33.31,4091,166,9715,434898,148.7
,3939,165,989,12.98,129.1898091,193.7111269,33.31,4754,172,8364,454298,153.9
,4212,215,1097,13.32,129.1898091,193.7111269,33.31,4783,156,9336,474925,158.9
,4495,247,1214,13.38,129.1898091,193.7111269,33.31,3948,207,9026,492057,164.4
,4694,257,1307,13.63,129.1898091,193.7111269,33.31,3951,187,9151,513658,169.5
B,4855,267,1371,13.98,129.1898091,193.4217695,33.21,3516,217,9667,528878,173.3
,5107,316,1467,14.03,129.1898091,193.4217695,33.21,2573,203,9996,548512,178.3
,5304,333,1557,14.05,129.1898091,193.4217695,33.21,3901,216,8685,565858,183.3
,5540,356,1653,14.43,129.1898091,193.4217695,33.21,4184,138,9846,584551,188.3
,5771,401,1749,17.57,129.1898091,193.4217695,33.21,4412,190,9254,607555,193.7
T,6106,387,1877,18.29,129.1898091,190.1984665,32.08,4493,118,9702,624043,198.7
T,6153,383,1892,18.3,129.1898091,186.8919152,30.87,4559,135,9780,625010,199.1
T,6154,354,1893,18.41,129.1898091,183.2365064,29.5,4560,135,9808,625012,199.2
T,6351,361,1976,18.51,129.1898091,181.7053922,28.9,4670,156,9448,629979,201.5
T,6396,355,1997,18.71,129.1898091,180.4421566,28.4,4732,87,9987,631771,202.2
T,6410,347,1999,18.73,129.1898091,179.9184312,28.2,4735,87,10055,631977,202.3
T,6469,346,2020,18.73,129.1898091,179.7424765,28.13,4758,87,9453,633068,202.8
B,6546,343,2050,18.93,129.1898091,177.6332628,27.27,4816,100,9292,635175,203.7
T,6752,122,2137,25.69,129.1898091,159.9722125,19.24,5389,256,9926,649841,208.8
,6976,123,2241,33.17,129.1898091,159.9722125,19.24,4152,191,9660,666257,213.9
,7136,125,2320,36.08,129.2759544,159.9722125,19.19,3795,197,9914,681517,219.1
,7248,123,2373,36.61,129.2759544,159.9722125,19.19,4616,160,9994,702268,224.4
,7373,124,2435,38.48,131.6370424,159.9722125,17.71,4568,207,9485,720847,229.4
,7498,131,2492,40.19,133.6601332,159.9722125,16.45,3838,194,9997,742392,234.5
,7679,134,2581,42.8,133.6601332,159.9722125,16.45,3793,135,9502,759785,239.5
,7786,134,2635,47.09,134.0893248,159.9722125,16.18,3213,178,9772,779876,244.5
,7986,145,2726,47.88,134.0893248,159.9722125,16.18,3275,181,9795,799707,249.5
,8091,139,2777,49.58,135.018209,159.9722125,15.6,2851,186,9810,814422,254.5
,8202,144,2830,53.5,135.093583,159.9722125,15.55,3031,137,9352,832979,260.0
,8266,145,2859,54.16,135.8982834,159.9722125,15.05,2764,147,9610,851450,265.1
,8366,144,2910,56.01,135.8982834,159.9722125,15.05,2798,191,9794,871349,270.1
,8432,135,2946,57.77,136.5129043,159.9722125,14.66,2810,151,9641,889400,275.4
,8526,123,2999,59.2,138.053802,159.9722125,13.7,2536,170,9837,907654,280.4
,8604,111,3041,61.33,138.6431707,159.9722125,13.33,2326,174,9954,932017,286.0
,8673,102,3081,67.43,141.5977922,159.9722125,11.49,2372,211,9543,957901,291.6
,8749,96,3123,69.41,141.7228649,159.9722125,11.41,2264,203,9793,976371,296.6
,8809,84,3158,72.18,141.9704973,159.9722125,11.25,1981,181,9889,999289,302.0
,8877,78,3195,72.92,142.1251216,159.9722125,11.16,2169,215,9381,1018000,307.0
,8992,79,3251,73.42,142.5392531,159.9722125,10.9,2087,220,9710,1034000,312.0
,9045,43,3295,84.63,143.2157527,159.9722125,10.47,2387,184,9925,1056000,317.3
,9095,26,3329,88.7,143.4609889,159.9722125,10.32,1949,197,9685,1076000,322.5
,9158,0,3374,100.0,159.9658364,159.9722125,0.0,1728,179,10047,1093000,327.2
