Time_Period,Time_Start_Label,Time_End_Label,Total_Charging_Power_kW,Total_Discharging_Power_kW,Net_Power_kW
1,08:00,08:15,0.0,0.0,0.0
2,08:15,08:30,0.0,0.0,0.0
3,08:30,08:45,0.0,0.0,0.0
4,08:45,09:00,0.0,0.0,0.0
5,09:00,09:15,0.0,31.999999999999915,-31.999999999999915
6,09:15,09:30,0.0,0.0,0.0
7,09:30,09:45,-2.7533531010703882e-14,0.0,-2.7533531010703882e-14
8,09:45,10:00,-2.7533531010703882e-14,0.0,-2.7533531010703882e-14
9,10:00,10:15,-2.886579864025407e-14,0.0,-2.886579864025407e-14
10,10:15,10:30,-3.019806626980426e-14,32.0,-32.00000000000003
11,10:30,10:45,-2.842170943040401e-14,0.0,-2.842170943040401e-14
12,10:45,11:00,-3.1530333899354446e-14,24.0,-24.000000000000032
13,11:00,11:15,-3.197442310920451e-14,24.00000000000022,-24.000000000000252
14,11:15,11:30,-3.064215547965432e-14,32.0,-32.00000000000003
15,11:30,11:45,-6.93056723122254e-14,11.694736842104973,-11.694736842105042
16,11:45,12:00,-0.0,1.4551063408128097e-13,-1.4551063408128097e-13
17,12:00,12:15,3.240511250425202,8.0,-4.759488749574798
18,12:15,12:30,3.240511250425202,8.0,-4.759488749574798
19,12:30,12:45,3.240511250425202,0.43157894736891933,2.8089323030562827
20,12:45,13:00,3.240511250425202,0.0,3.240511250425202
21,13:00,13:15,3.240511250425202,0.0,3.240511250425202
22,13:15,13:30,3.240511250425202,0.0,3.240511250425202
23,13:30,13:45,3.240511250425202,0.0,3.240511250425202
24,13:45,14:00,3.240511250425202,0.0,3.240511250425202
25,14:00,14:15,3.240511250425202,0.0,3.240511250425202
26,14:15,14:30,3.240511250425202,0.0,3.240511250425202
27,14:30,14:45,3.240511250425202,0.0,3.240511250425202
28,14:45,15:00,3.240511250425202,0.0,3.240511250425202
29,15:00,15:15,3.240511250425202,0.0,3.240511250425202
30,15:15,15:30,3.240511250425202,0.0,3.240511250425202
31,15:30,15:45,3.2405112504252096,3.3473684210526278,-0.10685717062741817
32,15:45,16:00,3.2405112504252083,0.0,3.2405112504252083
33,16:00,16:15,0.0,0.0,0.0
34,16:15,16:30,0.0,0.0,0.0
35,16:30,16:45,0.0,0.0,0.0
36,16:45,17:00,0.0,0.0,0.0
37,17:00,17:15,0.0,0.0,0.0
38,17:15,17:30,0.0,0.0,0.0
39,17:30,17:45,0.0,0.0,0.0
40,17:45,18:00,0.0,0.0,0.0
41,18:00,18:15,0.0,0.0,0.0
42,18:15,18:30,0.0,0.0,0.0
43,18:30,18:45,0.0,0.0,0.0
44,18:45,19:00,0.0,0.0,0.0
45,19:00,19:15,0.0,0.0,0.0
46,19:15,19:30,0.0,0.0,0.0
47,19:30,19:45,0.0,0.0,0.0
48,19:45,20:00,0.0,0.0,0.0
49,20:00,20:15,0.0,0.0,0.0
50,20:15,20:30,0.0,0.0,0.0
51,20:30,20:45,0.0,0.0,0.0
52,20:45,21:00,0.0,0.0,0.0
53,21:00,21:15,3.240511250425202,0.0,3.240511250425202
54,21:15,21:30,3.240511250425202,0.0,3.240511250425202
55,21:30,21:45,3.240511250425202,0.0,3.240511250425202
56,21:45,22:00,3.240511250425202,0.0,3.240511250425202
57,22:00,22:15,3.240511250425202,0.0,3.240511250425202
58,22:15,22:30,3.240511250425202,0.0,3.240511250425202
59,22:30,22:45,3.240511250425202,0.0,3.240511250425202
60,22:45,23:00,3.240511250425229,0.0,3.240511250425229
61,23:00,23:15,3.240511250425219,0.0,3.240511250425219
62,23:15,23:30,3.24051125042521,0.0,3.24051125042521
63,23:30,23:45,3.2405112504252216,0.0,3.2405112504252216
64,23:45,00:00,3.240511250425212,0.0,3.240511250425212
65,00:00,00:15,3.240511250425235,0.0,3.240511250425235
66,00:15,00:30,3.2405112504252145,0.0,3.2405112504252145
67,00:30,00:45,3.2405112504252136,0.0,3.2405112504252136
68,00:45,01:00,3.2405112504252283,0.0,3.2405112504252283
69,01:00,01:15,3.2405112504252283,0.0,3.2405112504252283
70,01:15,01:30,3.2405112504252402,0.0,3.2405112504252402
71,01:30,01:45,3.2405112504252207,0.0,3.2405112504252207
72,01:45,02:00,3.2405112504252283,0.0,3.2405112504252283
73,02:00,02:15,3.2405112504252283,0.0,3.2405112504252283
74,02:15,02:30,3.2405112504252287,0.0,3.2405112504252287
75,02:30,02:45,3.240511250425228,0.0,3.240511250425228
76,02:45,03:00,3.2405112504252296,0.0,3.2405112504252296
77,03:00,03:15,3.2405112504252287,0.0,3.2405112504252287
78,03:15,03:30,3.2405112504252296,0.0,3.2405112504252296
79,03:30,03:45,3.240511250425233,0.0,3.240511250425233
80,03:45,04:00,3.2405112504252287,0.0,3.2405112504252287
81,04:00,04:15,3.240511250425225,0.0,3.240511250425225
82,04:15,04:30,3.2405112504252367,0.0,3.2405112504252367
83,04:30,04:45,3.2405112504252296,0.0,3.2405112504252296
84,04:45,05:00,3.2405112504252283,0.0,3.2405112504252283
85,05:00,05:15,3.2405112504252327,0.0,3.2405112504252327
86,05:15,05:30,3.2405112504252203,0.0,3.2405112504252203
87,05:30,05:45,3.2405112504252362,0.0,3.2405112504252362
88,05:45,06:00,3.240511250425202,0.0,3.240511250425202
89,06:00,06:15,3.240511250425202,0.0,3.240511250425202
90,06:15,06:30,3.240511250425202,0.0,3.240511250425202
91,06:30,06:45,3.240511250425202,0.0,3.240511250425202
92,06:45,07:00,3.240511250425202,0.0,3.240511250425202
93,07:00,07:15,3.240511250425202,0.0,3.240511250425202
94,07:15,07:30,3.240511250425202,0.0,3.240511250425202
95,07:30,07:45,3.240511250425202,0.0,3.240511250425202
96,07:45,08:00,3.240511250425315,0.0,3.240511250425315
