Time_Period,Time_Label,MCS_1_SOE_kWh,MCS_1_Max_SOE_kWh,MCS_1_Min_SOE_kWh,MCS_2_SOE_kWh,MCS_2_Max_SOE_kWh,MCS_2_Min_SOE_kWh
1,08:00,250.0,250.0,50.0,250.0,250.0,50.0
2,08:15,250.0,250.0,50.0,250.0,250.0,50.0
3,08:30,250.0,250.0,50.0,250.0,250.0,50.0
4,08:45,250.0,250.0,50.0,247.8947368421053,250.0,50.0
5,09:00,250.0,250.0,50.0,247.8947368421053,250.0,50.0
6,09:15,250.0,250.0,50.0,246.81994459833797,250.0,50.0
7,09:30,250.0,250.0,50.0,242.6094182825485,250.0,50.0
8,09:45,250.0,250.0,50.0,239.4293628808864,250.0,50.0
9,10:00,250.0,250.0,50.0,239.4293628808864,250.0,50.0
10,10:15,250.0,250.0,50.0,240.16653087827927,250.0,50.0
11,10:30,250.0,250.0,50.0,240.9036988756721,250.0,50.0
12,10:45,250.0,250.0,50.0,241.64086687306497,250.0,50.0
13,11:00,250.0,250.0,50.0,242.37803487045784,250.0,50.0
14,11:15,250.0,250.0,50.0,243.1152028678507,250.0,50.0
15,11:30,249.00554016620498,250.0,50.0,243.85237086524359,250.0,50.0
16,11:45,245.98891966759004,250.0,50.0,244.58953886263646,250.0,50.0
17,12:00,243.8836565096953,250.0,50.0,245.3267068600293,250.0,50.0
18,12:15,239.67313019390582,250.0,50.0,246.06387485742218,250.0,50.0
19,12:30,235.46260387811634,250.0,50.0,246.80104285481505,250.0,50.0
20,12:45,233.3573407202216,250.0,50.0,247.5382108522079,250.0,50.0
21,13:00,229.14681440443212,250.0,50.0,248.27537884960077,250.0,50.0
22,13:15,224.93628808864267,250.0,50.0,249.01254684699362,250.0,50.0
23,13:30,224.93628808864267,250.0,50.0,249.7497148443865,250.0,50.0
24,13:45,225.67345608603554,250.0,50.0,249.7497148443865,250.0,50.0
25,14:00,226.4106240834284,250.0,50.0,249.7497148443865,250.0,50.0
26,14:15,227.14779208082126,250.0,50.0,249.7497148443865,250.0,50.0
27,14:30,227.88496007821414,250.0,50.0,249.7497148443865,250.0,50.0
28,14:45,228.37184291999347,250.0,50.0,250.0,250.0,50.0
29,15:00,229.10901091738634,250.0,50.0,250.0,250.0,50.0
30,15:15,229.8461789147792,250.0,50.0,250.0,250.0,50.0
31,15:30,230.58334691217206,250.0,50.0,250.0,250.0,50.0
32,15:45,231.32051490956493,250.0,50.0,250.0,250.0,50.0
33,16:00,232.0576829069578,250.0,50.0,250.0,250.0,50.0
34,16:15,232.0576829069578,250.0,50.0,250.0,250.0,50.0
35,16:30,232.0576829069578,250.0,50.0,250.0,250.0,50.0
36,16:45,232.0576829069578,250.0,50.0,250.0,250.0,50.0
37,17:00,232.0576829069578,250.0,50.0,250.0,250.0,50.0
38,17:15,232.0576829069578,250.0,50.0,250.0,250.0,50.0
39,17:30,232.0576829069578,250.0,50.0,250.0,250.0,50.0
40,17:45,232.0576829069578,250.0,50.0,250.0,250.0,50.0
41,18:00,229.95241974906307,250.0,50.0,250.0,250.0,50.0
42,18:15,225.7418934332736,250.0,50.0,250.0,250.0,50.0
43,18:30,225.7418934332736,250.0,50.0,250.0,250.0,50.0
44,18:45,225.7418934332736,250.0,50.0,250.0,250.0,50.0
45,19:00,223.63663027537885,250.0,50.0,250.0,250.0,50.0
46,19:15,221.6948020205312,250.0,50.0,250.0,250.0,50.0
47,19:30,219.58953886263646,250.0,50.0,250.0,250.0,50.0
48,19:45,217.56460811471402,250.0,50.0,250.0,250.0,50.0
49,20:00,217.56460811471402,250.0,50.0,250.0,250.0,50.0
50,20:15,217.56460811471402,250.0,50.0,250.0,250.0,50.0
51,20:30,217.56460811471402,250.0,50.0,250.0,250.0,50.0
52,20:45,217.56460811471402,250.0,50.0,250.0,250.0,50.0
53,21:00,217.56460811471402,250.0,50.0,250.0,250.0,50.0
54,21:15,218.3017761121068,250.0,50.0,250.0,250.0,50.0
55,21:30,219.03894410949968,250.0,50.0,250.0,250.0,50.0
56,21:45,219.77611210689255,250.0,50.0,250.0,250.0,50.0
57,22:00,220.51328010428543,250.0,50.0,250.0,250.0,50.0
58,22:15,221.2504481016783,250.0,50.0,250.0,250.0,50.0
59,22:30,221.98761609907118,250.0,50.0,250.0,250.0,50.0
60,22:45,222.72478409646405,250.0,50.0,250.0,250.0,50.0
61,23:00,223.46195209385692,250.0,50.0,250.0,250.0,50.0
62,23:15,224.1991200912498,250.0,50.0,250.0,250.0,50.0
63,23:30,224.93628808864267,250.0,50.0,250.0,250.0,50.0
64,23:45,225.67345608603551,250.0,50.0,250.0,250.0,50.0
65,00:00,226.4106240834284,250.0,50.0,250.0,250.0,50.0
66,00:15,227.14779208082123,250.0,50.0,250.0,250.0,50.0
67,00:30,227.8849600782141,250.0,50.0,250.0,250.0,50.0
68,00:45,228.62212807560695,250.0,50.0,250.0,250.0,50.0
69,01:00,229.35929607299983,250.0,50.0,250.0,250.0,50.0
70,01:15,230.09646407039267,250.0,50.0,250.0,250.0,50.0
71,01:30,230.83363206778554,250.0,50.0,250.0,250.0,50.0
72,01:45,231.5708000651784,250.0,50.0,250.0,250.0,50.0
73,02:00,232.30796806257126,250.0,50.0,250.0,250.0,50.0
74,02:15,233.04513605996414,250.0,50.0,250.0,250.0,50.0
75,02:30,233.78230405735695,250.0,50.0,250.0,250.0,50.0
76,02:45,234.51947205474983,250.0,50.0,250.0,250.0,50.0
77,03:00,235.2566400521427,250.0,50.0,250.0,250.0,50.0
78,03:15,235.99380804953557,250.0,50.0,250.0,250.0,50.0
79,03:30,236.73097604692836,250.0,50.0,250.0,250.0,50.0
80,03:45,237.46814404432124,250.0,50.0,250.0,250.0,50.0
81,04:00,238.2053120417141,250.0,50.0,250.0,250.0,50.0
82,04:15,238.94248003910698,250.0,50.0,250.0,250.0,50.0
83,04:30,239.67964803649986,250.0,50.0,250.0,250.0,50.0
84,04:45,240.41681603389273,250.0,50.0,250.0,250.0,50.0
85,05:00,241.1539840312856,250.0,50.0,250.0,250.0,50.0
86,05:15,241.89115202867848,250.0,50.0,250.0,250.0,50.0
87,05:30,242.62832002607135,250.0,50.0,250.0,250.0,50.0
88,05:45,243.36548802346422,250.0,50.0,250.0,250.0,50.0
89,06:00,244.1026560208571,250.0,50.0,250.0,250.0,50.0
90,06:15,244.83982401824997,250.0,50.0,250.0,250.0,50.0
91,06:30,245.57699201564282,250.0,50.0,250.0,250.0,50.0
92,06:45,246.3141600130357,250.0,50.0,250.0,250.0,50.0
93,07:00,247.05132801042856,250.0,50.0,250.0,250.0,50.0
94,07:15,247.78849600782144,250.0,50.0,250.0,250.0,50.0
95,07:30,248.52566400521428,250.0,50.0,250.0,250.0,50.0
96,07:45,249.26283200260715,250.0,50.0,250.0,250.0,50.0
97,08:00,250.0,250.0,50.0,250.0,250.0,50.0
