Time_Period,Time_Start_Label,Time_End_Label,Grid_Energy_kWh,Energy_Cost_USD,CO2_Emissions_kg,Cumulative_Energy_Cost_USD,Cumulative_CO2_Emissions_kg
1,08:00,08:15,0.0,0.0,0.0,0.0,0.0
2,08:15,08:30,0.0,0.0,0.0,0.0,0.0
3,08:30,08:45,0.0,0.0,0.0,0.0,0.0
4,08:45,09:00,0.0,0.0,0.0,0.0,0.0
5,09:00,09:15,0.0,0.0,0.0,0.0,0.0
6,09:15,09:30,0.0,0.0,0.0,0.0,0.0
7,09:30,09:45,0.0,0.0,0.0,0.0,0.0
8,09:45,10:00,0.0,0.0,0.0,0.0,0.0
9,10:00,10:15,0.7759663130451181,0.20252720770477584,0.1293673779618019,0.20252720770477584,0.1293673779618019
10,10:15,10:30,0.7759663130451181,0.20252720770477584,0.1328481083251716,0.40505441540955167,0.2622154862869735
11,10:30,10:45,0.7759663130451181,0.20252720770477584,0.1317127097601261,0.6075816231143275,0.3939281960470996
12,10:45,11:00,0.7759663130451181,0.20252720770477584,0.12198640113547667,0.8101088308191033,0.5159145971825763
13,11:00,11:15,0.7759663130451181,0.20252720770477584,0.12114958509609518,1.0126360385238793,0.6370641822786715
14,11:15,11:30,0.7759663130451181,0.20252720770477584,0.12328163712151476,1.2151632462286552,0.7603458194001862
15,11:30,11:45,0.7759663130451181,0.20252720770477584,0.12046599679665175,1.4176904539334312,0.8808118161968379
16,11:45,12:00,0.7759663130451181,0.20252720770477584,0.1146781649432689,1.6202176616382071,0.9954899811401068
17,12:00,12:15,0.7759663130451181,0.20252720770477584,0.11084962940713348,1.822744869342983,1.1063396105472403
18,12:15,12:30,0.7759663130451181,0.20252720770477584,0.11651039600078889,2.025272077047759,1.2228500065480292
19,12:30,12:45,0.7759663130451181,0.20252720770477584,0.11031613394372346,2.227799284752535,1.3331661404917527
20,12:45,13:00,0.7759663130451181,0.20252720770477584,0.10420611777329902,2.430326492457311,1.4373722582650519
21,13:00,13:15,0.7759663130451181,0.20252720770477584,0.09818573812749232,2.632853700162087,1.5355579963925443
22,13:15,13:30,0.7759663130451181,0.20252720770477584,0.10630457433719533,2.835380907866863,1.6418625707297396
23,13:30,13:45,0.7759663130451181,0.20252720770477584,0.10120586497500055,3.0379081155716388,1.7430684357047401
24,13:45,14:00,0.7759663130451181,0.20252720770477584,0.0963978892392133,3.2404353232764147,1.8394663249439533
25,14:00,14:15,0.7759663130451181,0.3002989631484607,0.09359914635678318,3.5407342864248754,1.9330654713007365
26,14:15,14:30,0.7759663130451181,0.3002989631484607,0.09792218970489598,3.841033249573336,2.0309876610056325
27,14:30,14:45,0.7759663130451181,0.3002989631484607,0.09831106444671224,4.141332212721797,2.1292987254523448
28,14:45,15:00,0.7759663130451181,0.3002989631484607,0.09600981684656473,4.441631175870258,2.2253085422989094
29,15:00,15:15,0.7759663130451181,0.3002989631484607,0.09738218078025426,4.741930139018718,2.322690723079164
30,15:15,15:30,0.7759663130451181,0.3002989631484607,0.1027689878112912,5.042229102167179,2.425459710890455
31,15:30,15:45,0.7759663130451181,0.3002989631484607,0.09990200567532559,5.342528065315639,2.5253617165657807
32,15:45,16:00,0.7759663130451181,0.3002989631484607,0.09895710606416634,5.642827028464099,2.624318822629947
33,16:00,16:15,0.0,0.0,0.0,5.642827028464099,2.624318822629947
34,16:15,16:30,0.0,0.0,0.0,5.642827028464099,2.624318822629947
35,16:30,16:45,0.0,0.0,0.0,5.642827028464099,2.624318822629947
36,16:45,17:00,0.0,0.0,0.0,5.642827028464099,2.624318822629947
37,17:00,17:15,0.0,0.0,0.0,5.642827028464099,2.624318822629947
38,17:15,17:30,0.0,0.0,0.0,5.642827028464099,2.624318822629947
39,17:30,17:45,0.0,0.0,0.0,5.642827028464099,2.624318822629947
40,17:45,18:00,0.0,0.0,0.0,5.642827028464099,2.624318822629947
41,18:00,18:15,0.0,0.0,0.0,5.642827028464099,2.624318822629947
42,18:15,18:30,0.0,0.0,0.0,5.642827028464099,2.624318822629947
43,18:30,18:45,0.0,0.0,0.0,5.642827028464099,2.624318822629947
44,18:45,19:00,0.0,0.0,0.0,5.642827028464099,2.624318822629947
45,19:00,19:15,0.0,0.0,0.0,5.642827028464099,2.624318822629947
46,19:15,19:30,0.0,0.0,0.0,5.642827028464099,2.624318822629947
47,19:30,19:45,0.0,0.0,0.0,5.642827028464099,2.624318822629947
48,19:45,20:00,0.0,0.0,0.0,5.642827028464099,2.624318822629947
49,20:00,20:15,0.0,0.0,0.0,5.642827028464099,2.624318822629947
50,20:15,20:30,0.0,0.0,0.0,5.642827028464099,2.624318822629947
51,20:30,20:45,0.0,0.0,0.0,5.642827028464099,2.624318822629947
52,20:45,21:00,0.0,0.0,0.0,5.642827028464099,2.624318822629947
53,21:00,21:15,0.7759663130451181,0.3002989631484607,0.169223461405281,5.943125991612559,2.7935422840352278
54,21:15,21:30,0.7759663130451181,0.3002989631484607,0.16999341553133263,6.24342495476102,2.9635356995665605
55,21:30,21:45,0.7759663130451181,0.3002989631484607,0.17355970006054713,6.54372391790948,3.137095399627108
56,21:45,22:00,0.7759663130451181,0.3002989631484607,0.18416706877181527,6.84402288105794,3.321262468398923
57,22:00,22:15,0.7759663130451181,0.3002989631484607,0.19129607304100218,7.1443218442064005,3.512558541439925
58,22:15,22:30,0.7759663130451181,0.3002989631484607,0.20699299936776905,7.444620807354861,3.7195515408076942
59,22:30,22:45,0.7759663130451181,0.3002989631484607,0.2182923849245729,7.744919770503321,3.9378439257322673
60,22:45,23:00,0.7759663130451181,0.3002989631484607,0.22352331118684746,8.045218733651781,4.161367236919115
61,23:00,23:15,0.7759663130451181,0.3002989631484607,0.22780514917180494,8.345517696800242,4.3891723860909195
62,23:15,23:30,0.7759663130451181,0.3002989631484607,0.22310263967342156,8.645816659948702,4.612275025764341
63,23:30,23:45,0.7759663130451181,0.3002989631484607,0.22709733442810195,8.946115623097162,4.839372360192443
64,23:45,00:00,0.7759663130451181,0.3002989631484607,0.2362272237050502,9.246414586245622,5.075599583897493
65,00:00,00:15,0.7759663130451181,0.20252720770477584,0.2424176043786178,9.448941793950398,5.318017188276111
66,00:15,00:30,0.7759663130451181,0.20252720770477584,0.21307175961510402,9.651469001655174,5.531088947891216
67,00:30,00:45,0.7759663130451181,0.20252720770477584,0.2146958121022613,9.85399620935995,5.745784759993477
68,00:45,01:00,0.7759663130451181,0.20252720770477584,0.2147225635409035,10.056523417064726,5.96050732353438
69,01:00,01:15,0.7759663130451181,0.20252720770477584,0.21300862777184099,10.259050624769502,6.173515951306221
70,01:15,01:30,0.7759663130451181,0.20252720770477584,0.21593731707691888,10.461577832474278,6.38945326838314
71,01:30,01:45,0.7759663130451181,0.20252720770477584,0.2184347995739387,10.664105040179054,6.607888067957079
72,01:45,02:00,0.7759663130451181,0.20252720770477584,0.2187190049957546,10.86663224788383,6.826607072952834
73,02:00,02:15,0.7759663130451181,0.20252720770477584,0.21772725641844526,11.069159455588606,7.04433432937128
74,02:15,02:30,0.7759663130451181,0.20252720770477584,0.21810243147500472,11.271686663293382,7.262436760846285
75,02:30,02:45,0.7759663130451181,0.20252720770477584,0.22039254783839157,11.474213870998158,7.482829308684677
76,02:45,03:00,0.7759663130451181,0.20252720770477584,0.21957624679639434,11.676741078702934,7.702405555481071
77,03:00,03:15,0.7759663130451181,0.20252720770477584,0.22052640047545924,11.87926828640771,7.92293195595653
78,03:15,03:30,0.7759663130451181,0.20252720770477584,0.22370591313156585,12.081795494112486,8.146637869088096
79,03:30,03:45,0.7759663130451181,0.20252720770477584,0.22575594551769654,12.284322701817262,8.372393814605793
80,03:45,04:00,0.7759663130451181,0.20252720770477584,0.22672316579985052,12.486849909522038,8.599116980405643
81,04:00,04:15,0.7759663130451181,0.20252720770477584,0.2255638845436221,12.689377117226813,8.824680864949265
82,04:15,04:30,0.7759663130451181,0.20252720770477584,0.21753145606270827,12.89190432493159,9.042212321011974
83,04:30,04:45,0.7759663130451181,0.20252720770477584,0.2172371157448777,13.094431532636365,9.259449436756851
84,04:45,05:00,0.7759663130451181,0.20252720770477584,0.21689541820296196,13.296958740341141,9.476344854959812
85,05:00,05:15,0.7759663130451181,0.20252720770477584,0.2188435941469771,13.499485948045917,9.695188449106789
86,05:15,05:30,0.7759663130451181,0.20252720770477584,0.2155972754471152,13.702013155750693,9.910785724553904
87,05:30,05:45,0.7759663130451181,0.20252720770477584,0.21796496904264878,13.90454036345547,10.128750693596553
88,05:45,06:00,0.7759663130451181,0.20252720770477584,0.21975809372589017,14.107067571160245,10.348508787322443
89,06:00,06:15,0.7759663130451181,0.3002989631484607,0.22040367441935435,14.407366534308705,10.568912461741798
90,06:15,06:30,0.7759663130451181,0.3002989631484607,0.2138536481030503,14.707665497457166,10.782766109844848
91,06:30,06:45,0.7759663130451181,0.3002989631484607,0.21061043870020474,15.007964460605626,10.993376548545053
92,06:45,07:00,0.7759663130451181,0.3002989631484607,0.20536990830287363,15.308263423754086,11.198746456847926
93,07:00,07:15,0.7759663130451181,0.3002989631484607,0.1985585660190559,15.608562386902546,11.397305022866982
94,07:15,07:30,0.7759663130451181,0.3002989631484607,0.1801559879365023,15.908861350051007,11.577461010803484
95,07:30,07:45,0.7759663130451181,0.3002989631484607,0.16842270840029827,16.20916031319947,11.745883719203782
96,07:45,08:00,0.7759663130451143,0.3002989631484593,0.15525285682186474,16.50945927634793,11.901136576025646
