Time_Interval,Time_Period,Start_Time_Label,End_Time_Label,Time_Label,MCS_1_Charging_kW,MCS_1_Discharging_kW,MCS_1_Traveling_kW,MCS_1_NetPower_kW,MCS_1_SOE_Start_kWh,MCS_1_SOE_End_kWh,MCS_1_sum_x,MCS_1_sum_y_trv,MCS_1_sum_z,CEV_1_Charging_kW,CEV_1_Working_kW,CEV_1_NetPower_kW,CEV_1_SOE_Start_kWh,CEV_1_SOE_End_kWh,CEV_2_Charging_kW,CEV_2_Working_kW,CEV_2_NetPower_kW,CEV_2_SOE_Start_kWh,CEV_2_SOE_End_kWh
1,1,08:00,08:15,08:15,0.0,0.0,0,0.0,250.0,250.0,0.0,0.0,1.0,0.0,4.7700000000000005,-4.7700000000000005,14.8,13.6075,0.0,4.769999999999996,-4.769999999999996,14.8,13.607500000000002
2,2,08:15,08:30,08:30,0.0,0.0,0,0.0,250.0,250.0,0.0,0.0,1.0,0.0,4.77,-4.77,13.6075,12.415,0.0,3.18,-3.18,13.607500000000002,12.812500000000004
3,3,08:30,08:45,08:45,0.0,0.0,0,0.0,250.0,250.0,0.0,0.0,1.0,0.0,4.77,-4.77,12.415,11.2225,0.0,4.77,-4.77,12.812500000000004,11.620000000000005
4,4,08:45,09:00,09:00,0.0,0.0,0,0.0,250.0,250.0,1.0,1.0,0.0,0.0,4.77,-4.77,11.2225,10.03,0.0,4.7700000000000164,-4.7700000000000164,11.620000000000005,10.4275
5,5,09:00,09:15,09:15,0.0,0.0,0,0.0,250.0,250.00000000000003,0.0,0.0,1.0,0.0,0.0,0.0,10.03,10.03,0.0,0.0,0.0,10.4275,10.4275
6,6,09:15,09:30,09:30,0.0,0.0,0,0.0,250.00000000000003,250.00000000000003,1.0,1.0,0.0,0.0,4.72,-4.72,10.03,8.85,0.0,4.72,-4.72,10.4275,9.247499999999999
7,7,09:30,09:45,09:45,0.0,0.0,0,0.0,250.00000000000003,250.00000000000003,0.0,1.0,0.0,0.0,4.77,-4.77,8.85,7.6575,0.0,4.77,-4.77,9.247499999999999,8.055
8,8,09:45,10:00,10:00,0.0,0.0,0,0.0,250.00000000000003,250.00000000000006,0.0,0.0,1.0,0.0,4.77,-4.77,7.6575,6.465,0.0,3.1800000000000113,-3.1800000000000113,8.055,7.259999999999997
9,9,10:00,10:15,10:15,0.0,0.0,0,0.0,250.00000000000006,250.00000000000006,0.0,0.0,1.0,0.0,4.77,-4.77,6.465,5.2725,0.0,3.18,-3.18,7.259999999999997,6.465
10,10,10:15,10:30,10:30,0.0,0.0,0,0.0,250.00000000000006,250.00000000000006,1.0,1.0,0.0,0.0,0.0,0.0,5.2725,5.2725,0.0,0.0,0.0,6.465,6.465
11,11,10:30,10:45,10:45,0.0,0.0,0,0.0,250.00000000000006,250.00000000000006,0.0,1.0,0.0,0.0,4.77,-4.77,5.2725,4.08,0.0,3.1799999999999886,-3.1799999999999886,6.465,5.670000000000003
12,12,10:45,11:00,11:00,0.0,8.0,0,-8.0,250.00000000000006,247.89473684210532,0.0,0.0,1.0,8.0,0.0,8.0,4.08,5.98,0.0,4.720000000000004,-4.720000000000004,5.670000000000003,4.490000000000002
13,13,11:00,11:15,11:15,0.0,8.0,0,-8.0,247.89473684210532,245.78947368421058,0.0,0.0,1.0,8.0,0.0,8.0,5.98,7.880000000000001,0.0,4.77,-4.77,4.490000000000002,3.297500000000002
14,14,11:15,11:30,11:30,0.0,8.0,0,-8.0,245.78947368421058,243.68421052631584,0.0,0.0,1.0,8.0,0.0,8.0,7.880000000000001,9.780000000000001,0.0,0.0,0.0,3.297500000000002,3.297500000000002
15,15,11:30,11:45,11:45,0.0,5.136421052631579,0,-5.136421052631579,243.68421052631584,242.33252077562332,0.0,0.0,1.0,5.136421052631579,0.0,5.136421052631579,9.780000000000001,10.9999,0.0,0.0,0.0,3.297500000000002,3.297500000000002
16,16,11:45,12:00,12:00,0.0,8.0,0,-8.0,242.33252077562332,240.22725761772858,0.0,0.0,1.0,8.0,0.0,8.0,10.9999,12.8999,0.0,0.0,0.0,3.297500000000002,3.297500000000002
17,17,12:00,12:15,12:15,0.0,8.0,0,-8.0,240.22725761772858,238.12199445983384,0.0,0.0,1.0,8.0,0.0,8.0,12.8999,14.799900000000001,0.0,0.0,0.0,3.297500000000002,3.297500000000002
18,18,12:15,12:30,12:30,0.0,0.0,0,0.0,238.12199445983384,238.12199445983384,1.0,1.0,0.0,0.0,0.0,0.0,14.799900000000001,14.799900000000001,0.0,0.0,0.0,3.297500000000002,3.297500000000002
19,19,12:30,12:45,12:45,10.363208922583453,0.0,0,10.363208922583453,238.12199445983384,240.5832565789474,0.0,0.0,1.0,0.0,0.0,0.0,14.799900000000001,14.799900000000001,0.0,0.0,0.0,3.297500000000002,3.297500000000002
20,20,12:45,13:00,13:00,-0.0,0.0,0,-0.0,240.5832565789474,240.5832565789474,1.0,1.0,0.0,0.0,0.0,0.0,14.799900000000001,14.799900000000001,0.0,0.0,0.0,3.297500000000002,3.297500000000002
21,21,13:00,13:15,13:15,-0.0,0.0,0,-0.0,240.5832565789474,240.5832565789474,0.0,0.0,1.0,0.0,0.0,0.0,14.799900000000001,14.799900000000001,0.0,0.0,0.0,3.297500000000002,3.297500000000002
22,22,13:15,13:30,13:30,-0.0,0.0,0,-0.0,240.5832565789474,240.5832565789474,1.0,1.0,0.0,0.0,0.0,0.0,14.799900000000001,14.799900000000001,0.0,0.0,0.0,3.297500000000002,3.297500000000002
23,23,13:30,13:45,13:45,0.0,0.0,0,0.0,240.5832565789474,240.5832565789474,0.0,1.0,0.0,0.0,0.0,0.0,14.799900000000001,14.799900000000001,0.0,0.0,0.0,3.297500000000002,3.297500000000002
24,24,13:45,14:00,14:00,-0.0,8.0,0,-8.0,240.5832565789474,238.47799342105267,0.0,0.0,1.0,0.0,0.0,0.0,14.799900000000001,14.799900000000001,8.0,0.0,8.0,3.297500000000002,5.197500000000002
25,25,14:00,14:15,14:15,-0.0,8.0,0,-8.0,238.47799342105267,236.37273026315793,0.0,0.0,1.0,0.0,4.72,-4.72,14.799900000000001,13.619900000000001,8.0,0.0,8.0,5.197500000000002,7.097500000000002
26,26,14:15,14:30,14:30,0.0,8.0,0,-8.0,236.37273026315793,234.2674671052632,0.0,0.0,1.0,0.0,4.77,-4.77,13.619900000000001,12.4274,8.0,0.0,8.0,7.097500000000002,8.997500000000002
27,27,14:30,14:45,14:45,-0.0,8.0,0,-8.0,234.2674671052632,232.16220394736845,0.0,0.0,1.0,0.0,3.18,-3.18,12.4274,11.6324,8.0,0.0,8.0,8.997500000000002,10.897500000000003
28,28,14:45,15:00,15:00,-0.0,8.0,0,-8.0,232.16220394736845,230.0569407894737,0.0,0.0,1.0,0.0,4.77,-4.77,11.6324,10.439900000000002,8.0,0.0,8.0,10.897500000000003,12.797500000000001
29,29,15:00,15:15,15:15,0.0,8.0,0,-8.0,230.0569407894737,227.95167763157897,0.0,0.0,1.0,0.0,0.0,0.0,10.439900000000002,10.439900000000002,8.0,0.0,8.0,12.797500000000001,14.697500000000002
30,30,15:15,15:30,15:30,-0.0,0.4311578947368395,0,-0.4311578947368395,227.95167763157897,227.83821502770087,0.0,0.0,1.0,0.0,4.77,-4.77,10.439900000000002,9.2474,0.4311578947368395,0.0,0.4311578947368395,14.697500000000002,14.799900000000001
31,31,15:30,15:45,15:45,0.0,0.0004210526315779661,0,-0.0004210526315779661,227.83821502770087,227.83810422437676,0.0,0.0,1.0,0.0,4.72,-4.72,9.2474,8.067400000000001,0.0004210526315779661,0.0,0.0004210526315779661,14.799900000000001,14.8
32,32,15:45,16:00,16:00,0.0,0.0,0,0.0,227.83810422437676,227.83810422437676,0.0,0.0,1.0,0.0,4.77,-4.77,8.067400000000001,6.874900000000001,0.0,4.77,-4.77,14.8,13.607500000000002
33,33,16:00,16:15,16:15,-0.0,0.0,0,-0.0,227.83810422437676,227.83810422437676,0.0,0.0,1.0,0.0,3.18,-3.18,6.874900000000001,6.079900000000001,0.0,4.77,-4.77,13.607500000000002,12.415000000000001
34,34,16:15,16:30,16:30,0.0,0.0,0,0.0,227.83810422437676,227.83810422437676,0.0,0.0,1.0,0.0,0.0,0.0,6.079900000000001,6.079900000000001,0.0,3.18,-3.18,12.415000000000001,11.620000000000001
35,35,16:30,16:45,16:45,0.0,8.0,0,-8.0,227.83810422437676,225.73284106648202,0.0,0.0,1.0,0.0,3.18,-3.18,6.079900000000001,5.284900000000001,8.0,0.0,8.0,11.620000000000001,13.520000000000001
36,36,16:45,17:00,17:00,0.0,5.389052631578946,0,-5.389052631578946,225.73284106648202,224.31466932132966,0.0,0.0,1.0,0.0,3.18,-3.18,5.284900000000001,4.489900000000001,5.389052631578946,0.0,5.389052631578946,13.520000000000001,14.799900000000001
37,37,17:00,17:15,17:15,-0.0,0.0,0,-0.0,224.31466932132966,224.31466932132966,0.0,0.0,1.0,0.0,0.0,0.0,4.489900000000001,4.489900000000001,0.0,0.0,0.0,14.799900000000001,14.799900000000001
38,38,17:15,17:30,17:30,-0.0,0.0,0,-0.0,224.31466932132966,224.31466932132966,0.0,0.0,1.0,0.0,0.0,0.0,4.489900000000001,4.489900000000001,0.0,0.0,0.0,14.799900000000001,14.799900000000001
39,39,17:30,17:45,17:45,-0.0,0.0,0,-0.0,224.31466932132966,224.31466932132966,0.0,0.0,1.0,0.0,0.0,0.0,4.489900000000001,4.489900000000001,0.0,0.0,0.0,14.799900000000001,14.799900000000001
40,40,17:45,18:00,18:00,-0.0,0.0,0,-0.0,224.31466932132966,224.31466932132966,0.0,0.0,1.0,0.0,0.0,0.0,4.489900000000001,4.489900000000001,0.0,0.0,0.0,14.799900000000001,14.799900000000001
41,41,18:00,18:15,18:15,0.0,0.0,0,0.0,224.31466932132966,224.31466932132966,0.0,0.0,1.0,0.0,0.0,0.0,4.489900000000001,4.489900000000001,0.0,0.0,0.0,14.799900000000001,14.799900000000001
42,42,18:15,18:30,18:30,0.0,0.0,0,0.0,224.31466932132966,224.31466932132966,0.0,0.0,1.0,0.0,0.0,0.0,4.489900000000001,4.489900000000001,0.0,0.0,0.0,14.799900000000001,14.799900000000001
43,43,18:30,18:45,18:45,0.0,0.0004210526315779661,0,-0.0004210526315779661,224.31466932132966,224.31455851800555,0.0,0.0,1.0,0.0,0.0,0.0,4.489900000000001,4.489900000000001,0.0004210526315779661,0.0,0.0004210526315779661,14.799900000000001,14.8
44,44,18:45,19:00,19:00,-0.0,0.0,0,-0.0,224.31455851800555,224.31455851800555,1.0,1.0,0.0,0.0,0.0,0.0,4.489900000000001,4.489900000000001,0.0,0.0,0.0,14.8,14.8
45,45,19:00,19:15,19:15,31.25,0.0,0,31.25,224.31455851800555,231.73643351800555,0.0,0.0,1.0,0.0,0.0,0.0,4.489900000000001,4.489900000000001,0.0,0.0,0.0,14.8,14.8
46,46,19:15,19:30,19:30,0.0,0.0,0,0.0,231.73643351800555,231.73643351800555,1.0,1.0,0.0,0.0,0.0,0.0,4.489900000000001,4.489900000000001,0.0,0.0,0.0,14.8,14.8
47,47,19:30,19:45,19:45,0.0,0.0,0,0.0,231.73643351800555,231.73643351800555,0.0,0.0,1.0,0.0,0.0,0.0,4.489900000000001,4.489899999999999,0.0,0.0,0.0,14.8,14.8
48,48,19:45,20:00,20:00,-0.0,8.0,0,-8.0,231.73643351800555,229.63117036011081,0.0,0.0,1.0,8.0,0.0,8.0,4.489899999999999,6.389899999999999,0.0,0.0,0.0,14.8,14.8
49,49,20:00,20:15,20:15,-0.0,8.0,0,-8.0,229.63117036011081,227.52590720221608,0.0,0.0,1.0,8.0,0.0,8.0,6.389899999999999,8.2899,0.0,0.0,0.0,14.8,14.8
50,50,20:15,20:30,20:30,-0.0,8.0,0,-8.0,227.52590720221608,225.42064404432134,0.0,0.0,1.0,8.0,0.0,8.0,8.2899,10.1899,0.0,0.0,0.0,14.8,14.8
51,51,20:30,20:45,20:45,-0.0,8.0,0,-8.0,225.42064404432134,223.3153808864266,0.0,0.0,1.0,8.0,0.0,8.0,10.1899,12.0899,0.0,0.0,0.0,14.8,14.8
52,52,20:45,21:00,21:00,-0.0,8.0,0,-8.0,223.3153808864266,221.21011772853186,0.0,0.0,1.0,8.0,0.0,8.0,12.0899,13.9899,0.0,0.0,0.0,14.8,14.8
53,53,21:00,21:15,21:15,-0.0,3.410947368421054,0,-3.410947368421054,221.21011772853186,220.3125,0.0,0.0,1.0,3.410947368421054,0.0,3.410947368421054,13.9899,14.8,0.0,0.0,0.0,14.8,14.8
54,54,21:15,21:30,21:30,-0.0,0.0,0,-0.0,220.3125,220.3125,1.0,1.0,0.0,0.0,0.0,0.0,14.8,14.8,0.0,0.0,0.0,14.8,14.8
55,55,21:30,21:45,21:45,31.25,0.0,0,31.25,220.3125,227.734375,0.0,0.0,1.0,0.0,0.0,0.0,14.8,14.8,0.0,0.0,0.0,14.8,14.8
56,56,21:45,22:00,22:00,31.25,0.0,0,31.25,227.734375,235.15625,0.0,0.0,1.0,0.0,0.0,0.0,14.8,14.8,0.0,0.0,0.0,14.8,14.8
57,57,22:00,22:15,22:15,31.25,0.0,0,31.25,235.15625,242.578125,0.0,0.0,1.0,0.0,0.0,0.0,14.8,14.8,0.0,0.0,0.0,14.8,14.8
58,58,22:15,22:30,22:30,-0.0,0.0,0,-0.0,242.578125,242.578125,0.0,0.0,1.0,0.0,0.0,0.0,14.8,14.8,0.0,0.0,0.0,14.8,14.8
59,59,22:30,22:45,22:45,-0.0,0.0,0,-0.0,242.578125,242.578125,1.0,1.0,0.0,0.0,0.0,0.0,14.8,14.8,0.0,0.0,0.0,14.8,14.8
60,60,22:45,23:00,23:00,-0.0,0.0,0,-0.0,242.578125,242.578125,0.0,0.0,1.0,0.0,0.0,0.0,14.8,14.8,0.0,0.0,0.0,14.8,14.8
61,61,23:00,23:15,23:15,-0.0,0.0,0,-0.0,242.578125,242.578125,1.0,1.0,0.0,0.0,0.0,0.0,14.8,14.8,0.0,0.0,0.0,14.8,14.8
62,62,23:15,23:30,23:30,-0.0,0.0,0,-0.0,242.578125,242.578125,0.0,1.0,0.0,0.0,0.0,0.0,14.8,14.8,0.0,0.0,0.0,14.8,14.8
63,63,23:30,23:45,23:45,-0.0,0.0,0,-0.0,242.578125,242.578125,0.0,0.0,1.0,0.0,0.0,0.0,14.8,14.8,0.0,0.0,0.0,14.8,14.8
64,64,23:45,00:00,00:00,-0.0,0.0,0,-0.0,242.578125,242.578125,0.0,0.0,1.0,0.0,0.0,0.0,14.8,14.8,0.0,0.0,0.0,14.8,14.8
65,65,00:00,00:15,00:15,-0.0,0.0,0,-0.0,242.578125,242.578125,0.0,0.0,1.0,0.0,0.0,0.0,14.8,14.8,0.0,0.0,0.0,14.8,14.8
66,66,00:15,00:30,00:30,-0.0,0.0,0,-0.0,242.578125,242.578125,0.0,0.0,1.0,0.0,0.0,0.0,14.8,14.8,0.0,0.0,0.0,14.8,14.8
67,67,00:30,00:45,00:45,-0.0,0.0,0,-0.0,242.578125,242.578125,0.0,0.0,1.0,0.0,0.0,0.0,14.8,14.8,0.0,0.0,0.0,14.8,14.8
68,68,00:45,01:00,01:00,-0.0,0.0,0,-0.0,242.578125,242.578125,0.0,0.0,1.0,0.0,0.0,0.0,14.8,14.8,0.0,0.0,0.0,14.8,14.8
69,69,01:00,01:15,01:15,-0.0,0.0,0,-0.0,242.578125,242.578125,0.0,0.0,1.0,0.0,0.0,0.0,14.8,14.8,0.0,0.0,0.0,14.8,14.8
70,70,01:15,01:30,01:30,-0.0,0.0,0,-0.0,242.578125,242.578125,0.0,0.0,1.0,0.0,0.0,0.0,14.8,14.8,0.0,0.0,0.0,14.8,14.8
71,71,01:30,01:45,01:45,-0.0,0.0,0,-0.0,242.578125,242.578125,1.0,1.0,0.0,0.0,0.0,0.0,14.8,14.8,0.0,0.0,0.0,14.8,14.8
72,72,01:45,02:00,02:00,31.25,0.0,0,31.25,242.578125,250.0,0.0,0.0,1.0,0.0,0.0,0.0,14.8,14.8,0.0,0.0,0.0,14.8,14.8
73,73,02:00,02:15,02:15,-0.0,0.0,0,-0.0,250.0,250.0,0.0,0.0,1.0,0.0,0.0,0.0,14.8,14.8,0.0,0.0,0.0,14.8,14.8
74,74,02:15,02:30,02:30,-0.0,0.0,0,-0.0,250.0,250.0,0.0,0.0,1.0,0.0,0.0,0.0,14.8,14.8,0.0,0.0,0.0,14.8,14.8
75,75,02:30,02:45,02:45,-0.0,0.0,0,-0.0,250.0,250.0,1.0,1.0,0.0,0.0,0.0,0.0,14.8,14.8,0.0,0.0,0.0,14.8,14.8
76,76,02:45,03:00,03:00,-0.0,0.0,0,-0.0,250.0,250.0,0.0,0.0,1.0,0.0,0.0,0.0,14.8,14.8,0.0,0.0,0.0,14.8,14.8
77,77,03:00,03:15,03:15,-0.0,0.0,0,-0.0,250.0,250.0,0.0,0.0,1.0,0.0,0.0,0.0,14.8,14.8,0.0,0.0,0.0,14.8,14.8
78,78,03:15,03:30,03:30,-0.0,0.0,0,-0.0,250.0,250.0,0.0,0.0,1.0,0.0,0.0,0.0,14.8,14.8,0.0,0.0,0.0,14.8,14.8
79,79,03:30,03:45,03:45,-0.0,0.0,0,-0.0,250.0,250.0,0.0,0.0,1.0,0.0,0.0,0.0,14.8,14.8,0.0,0.0,0.0,14.8,14.8
80,80,03:45,04:00,04:00,-0.0,0.0,0,-0.0,250.0,250.0,0.0,0.0,1.0,0.0,0.0,0.0,14.8,14.8,0.0,0.0,0.0,14.8,14.8
81,81,04:00,04:15,04:15,-0.0,0.0,0,-0.0,250.0,250.0,0.0,0.0,1.0,0.0,0.0,0.0,14.8,14.8,0.0,0.0,0.0,14.8,14.8
82,82,04:15,04:30,04:30,-0.0,0.0,0,-0.0,250.0,250.0,0.0,0.0,1.0,0.0,0.0,0.0,14.8,14.8,0.0,0.0,0.0,14.8,14.8
83,83,04:30,04:45,04:45,-0.0,0.0,0,-0.0,250.0,250.0,0.0,0.0,1.0,0.0,0.0,0.0,14.8,14.8,0.0,0.0,0.0,14.8,14.8
84,84,04:45,05:00,05:00,-0.0,0.0,0,-0.0,250.0,250.0,0.0,0.0,1.0,0.0,0.0,0.0,14.8,14.8,0.0,0.0,0.0,14.8,14.8
85,85,05:00,05:15,05:15,-0.0,0.0,0,-0.0,250.0,250.0,1.0,1.0,0.0,0.0,0.0,0.0,14.8,14.8,0.0,0.0,0.0,14.8,14.8
86,86,05:15,05:30,05:30,-0.0,0.0,0,-0.0,250.0,250.0,0.0,0.0,1.0,0.0,0.0,0.0,14.8,14.8,0.0,0.0,0.0,14.8,14.8
87,87,05:30,05:45,05:45,-0.0,0.0,0,-0.0,250.0,250.0,0.0,0.0,1.0,0.0,0.0,0.0,14.8,14.8,0.0,0.0,0.0,14.8,14.8
88,88,05:45,06:00,06:00,-0.0,0.0,0,-0.0,250.0,250.0,0.0,0.0,1.0,0.0,0.0,0.0,14.8,14.8,0.0,0.0,0.0,14.8,14.8
89,89,06:00,06:15,06:15,-0.0,0.0,0,-0.0,250.0,250.0,0.0,0.0,1.0,0.0,0.0,0.0,14.8,14.8,0.0,0.0,0.0,14.8,14.8
90,90,06:15,06:30,06:30,-0.0,0.0,0,-0.0,250.0,250.0,0.0,0.0,1.0,0.0,0.0,0.0,14.8,14.8,0.0,0.0,0.0,14.8,14.8
91,91,06:30,06:45,06:45,-0.0,0.0,0,-0.0,250.0,250.0,0.0,0.0,1.0,0.0,0.0,0.0,14.8,14.8,0.0,0.0,0.0,14.8,14.8
92,92,06:45,07:00,07:00,-0.0,0.0,0,-0.0,250.0,250.0,0.0,0.0,1.0,0.0,0.0,0.0,14.8,14.8,0.0,0.0,0.0,14.8,14.8
93,93,07:00,07:15,07:15,-0.0,0.0,0,-0.0,250.0,250.0,0.0,0.0,1.0,0.0,0.0,0.0,14.8,14.8,0.0,0.0,0.0,14.8,14.8
94,94,07:15,07:30,07:30,-0.0,0.0,0,-0.0,250.0,250.0,0.0,0.0,1.0,0.0,0.0,0.0,14.8,14.8,0.0,0.0,0.0,14.8,14.8
95,95,07:30,07:45,07:45,-0.0,0.0,0,-0.0,250.0,250.0,0.0,0.0,1.0,0.0,0.0,0.0,14.8,14.8,0.0,0.0,0.0,14.8,14.8
96,96,07:45,08:00,08:00,0.0,0.0,0,0.0,250.0,250.0,0.0,0.0,1.0,0.0,0.0,0.0,14.8,14.8,0.0,0.0,0.0,14.8,14.8
